input,output
GPUセンサーコレクションのURIは？,/redfish/v1/Systems/{ComputerSystemId}/Oem/Dell/DellGPUSensors
物理ディスクコレクションのURIは？,/redfish/v1/Systems/{ComputerSystemId}/Storage/Drives/Oem/Dell/DellDrives
PSUコレクションのURIは？,/redfish/v1/Chassis/{ComputerSystemId}/Power/Oem/Dell/DellPowerSupply
ネットワークアダプタコレクションインスタンのURIは？,/redfish/v1/Chassis/{ChassisId}/NetworkAdapters
プロセッサコレクションのURIは？,/redfish/v1/Systems/{ComputerSystemId}/Processors
ストレージコレクションのURIは？,/redfish/v1/Systems/{ComputerSystemId}/Storage
バッテリコレクションのURIは？,/redfish/v1/Chassis/{ChassisId}/PowerSubsystem/Batteries
シャーシコレクションのURIは？,/redfish/v1/Chassis
InfinibandコレクションのURIは？,/redfish/v1/Systems/{ComputerSystemId}/NetworkDeviceFunctions/Oem/Dell/DellInfiniBand
メモリコレクションのURIは？,/redfish/v1/Systems/{ComputerSystemId}/Memory/Oem/Dell/DellMemory
こんにちは,こんにちは！元気ですか？
お元気ですか？,はい、元気です！ありがとうございます。
今日は何曜日ですか？,今日は水曜日です。
今日の天気はどうですか？,今日の天気は晴れです。
いつもどこでお仕事をしていますか？,いつもオフィスで働いています。
最近読んだ面白い本はありますか？,はい、最近『鬼滅の刃』を読みました。
好きな食べ物は何ですか？,私の好きな食べ物は寿司です。
どこに住んでいますか？,私はインターネット上に住んでいます。
最近見たおすすめの映画はありますか？,はい、最近『天気の子』を見ました。
週末の予定は何ですか？,週末は友達とピクニックに行く予定です。
今日の予定は何ですか？,今日は友達と映画を見に行く予定です。
好きなスポーツは何ですか？,私はサッカーが好きです。
一番好きな季節は何ですか？,私の一番好きな季節は春です。
どんな趣味がありますか？,私の趣味は音楽を聴くことです。
おすすめの旅行先はありますか？,おすすめの旅行先は京都です。
いつものランチは何ですか？,いつものランチはサラダです。
好きな動物は何ですか？,私の好きな動物は猫です。
今度の休暇の計画はありますか？,次の休暇はビーチに行く予定です。
家族構成はどうですか？,私には兄弟が一人います。
最近行ったお店でおすすめのものは何ですか？,最近行ったお店でおすすめのものはカレーライスです。
今日の夕食は何ですか？,今日の夕食は焼き魚と野菜です。
好きな音楽は何ですか？,私の好きな音楽はロックです。
今日の気分はどうですか？,今日はとても元気です！
好きな映画ジャンルは何ですか？,私の好きな映画ジャンルはSFです。
週末の予定は何ですか？,週末は家でゆっくり過ごす予定です。
今月の予定はどうですか？,今月は友人の結婚式があります。
好きな漫画はありますか？,私の好きな漫画は『ドラゴンボール』です。
最近行った旅行先はどこですか？,最近行った旅行先は東京です。
最近買ったものは何ですか？,最近買ったものは新しいスマートフォンです。
友達とよく行く場所はどこですか？,友達とよく行く場所はカフェです。
休日の過ごし方は何ですか？,休日は家で読書するのが好きです。
好きな漫画家はいますか？,私の好きな漫画家は尾田栄一郎です。
最近ハマっていることは何ですか？,最近ハマっていることは料理です。
一番好きな色は何ですか？,私の一番好きな色は青です。
家で過ごす時間が多いですか？,はい、家で過ごす時間が多いです。
最近見た面白い動画はありますか？,はい、最近YouTubeで猫の面白い動画を見ました。
好きな料理は何ですか？,私の好きな料理はカレーライスです。
今の仕事は楽しいですか？,はい、とても楽しいです！
最近買った服は何ですか？,最近買った服はジーンズです。
おすすめの本はありますか？,おすすめの本は『ハリーポッター』シリーズです。
週末によく行く場所はどこですか？,週末によく行く場所は公園です。
お酒は好きですか？,はい、たまにお酒を飲みます。
今の季節はどうですか？,今の季節は快適ですね。
好きなアニメは何ですか？,私の好きなアニメは『鋼の錬金術師』です。
一番好きな飲み物は何ですか？,私の一番好きな飲み物はコーヒーです。
今日の気温はどうですか？,今日の気温は25度です。
休日によくすることは何ですか？,休日によくすることは映画鑑賞です。
好きな果物は何ですか？,私の好きな果物はいちごです。
最近行ったイベントは何ですか？,最近行ったイベントはコンサートです。
今日の昼食は何ですか？,今日の昼食はサンドイッチです。
好きなアクティビティは何ですか？,私の好きなアクティビティはハイキングです。
家でよくすることは何ですか？,家でよくすることは料理です。
最近の悩みは何ですか？,最近の悩みは仕事のストレスです。
好きなお菓子は何ですか？,私の好きなお菓子はチョコレートです。
週末によくすることは何ですか？,週末によくすることは友達と遊ぶことです。
今日の夕飯は何ですか？,今日の夕飯はカレーライスです。
好きなテレビ番組は何ですか？,私の好きなテレビ番組はドラマです。
休日の過ごし方はどうですか？,休日は家で映画を見るのが好きです。
好きな季節の行事は何ですか？,私の好きな季節の行事は花見です
